Operand,Value,Delta
Scramble,304889.0,-62898.0
Inversion,253191.0,-11200.0
Inversion,263306.0,-21315.0
Swap,306936.0,-64945.0
Swap,278673.0,-36682.0
Inversion,263306.0,-21315.0
Inversion,254172.0,-12181.0
Inversion,246886.0,-4895.0
Scramble,268567.0,-26576.0
Swap,246886.0,-4895.0
Swap,255831.0,-13840.0
Swap,255505.0,-13514.0
Inversion,268567.0,-26576.0
Scramble,275161.0,-33170.0
Swap,246177.0,-4186.0
Inversion,257296.0,-15305.0
Scramble,253864.0,-11873.0
Inversion,257296.0,-15305.0
Scramble,295576.0,-53585.0
Scramble,276507.0,-34516.0
Swap,250506.0,-8515.0
Inversion,253864.0,-11873.0
Inversion,255831.0,-13840.0
Inversion,248528.0,-6537.0
Inversion,248528.0,-6537.0
Inversion,255831.0,-13840.0
Swap,252887.0,-10896.0
Inversion,242830.0,-839.0
Inversion,252887.0,-10896.0
Scramble,303625.0,-61634.0
Swap,282501.0,-40510.0
Inversion,255831.0,-13840.0
Inversion,255831.0,-13840.0
Scramble,305858.0,-63867.0
Scramble,259063.0,-17072.0
Inversion,259063.0,-17072.0
Swap,262148.0,-20157.0
Scramble,250662.0,-8671.0
Inversion,251636.0,-9645.0
Swap,278959.0,-36968.0
Scramble,274057.0,-32066.0
Inversion,250797.0,-8806.0
Inversion,250797.0,-8806.0
Swap,262148.0,-20157.0
Scramble,260969.0,-18978.0
Scramble,273725.0,-31734.0
Inversion,260969.0,-18978.0
Scramble,289746.0,-47755.0
Swap,262148.0,-20157.0
Inversion,250797.0,-8806.0
Scramble,262237.0,-20246.0
Scramble,278959.0,-36968.0
Swap,271215.0,-29224.0
Inversion,278959.0,-36968.0
Scramble,250797.0,-8806.0
Swap,247670.0,-5679.0
Scramble,270797.0,-28806.0
Inversion,278959.0,-36968.0
Scramble,266423.0,-24432.0
Scramble,260969.0,-18978.0
Swap,263330.0,-21339.0
Scramble,262237.0,-20246.0
Swap,275362.0,-33371.0
Inversion,250797.0,-8806.0
Swap,250797.0,-8806.0
Inversion,263330.0,-21339.0
Scramble,250371.0,-8380.0
Scramble,250797.0,-8806.0
Inversion,250797.0,-8806.0
Swap,258968.0,-16977.0
Inversion,250371.0,-8380.0
Inversion,258968.0,-16977.0
Swap,245968.0,-3977.0
Scramble,291757.0,-49766.0
Scramble,285355.0,-43364.0
Inversion,250371.0,-8380.0
Swap,264899.0,-22908.0
Inversion,247646.0,-5655.0
Scramble,253151.0,-11160.0
Swap,290459.0,-48468.0
Scramble,253753.0,-11762.0
Inversion,247646.0,-5655.0
Scramble,298749.0,-56758.0
Inversion,251636.0,-9645.0
Scramble,250371.0,-8380.0
Scramble,268131.0,-26140.0
Inversion,247646.0,-5655.0
Inversion,268131.0,-26140.0
Scramble,251636.0,-9645.0
Inversion,251636.0,-9645.0
Scramble,268131.0,-26140.0
Swap,281963.0,-39972.0
Inversion,247646.0,-5655.0
Scramble,271270.0,-29279.0
Scramble,302082.0,-60091.0
Inversion,281963.0,-39972.0
Swap,300424.0,-58433.0
Inversion,268131.0,-26140.0
Inversion,251636.0,-9645.0
Inversion,251636.0,-9645.0
Swap,290459.0,-48468.0
Inversion,247646.0,-5655.0
Swap,282380.0,-40389.0
Swap,273911.0,-31920.0
Inversion,251636.0,-9645.0
Swap,247646.0,-5655.0
Inversion,247646.0,-5655.0
Inversion,247646.0,-5655.0
Scramble,320386.0,-78395.0
Inversion,282380.0,-40389.0
Inversion,247646.0,-5655.0
Swap,259295.0,-17304.0
Scramble,294312.0,-52321.0
Inversion,251636.0,-9645.0
Inversion,247646.0,-5655.0
Swap,250371.0,-8380.0
Scramble,254577.0,-12586.0
Swap,254813.0,-12822.0
Scramble,264899.0,-22908.0
Inversion,247646.0,-5655.0
Scramble,243039.0,-1048.0
Swap,267247.0,-25256.0
Swap,247646.0,-5655.0
Scramble,253911.0,-11920.0
Inversion,267247.0,-25256.0
Scramble,271347.0,-29356.0
Inversion,247646.0,-5655.0
Scramble,247646.0,-5655.0
Scramble,296965.0,-54974.0
Swap,257130.0,-15139.0
Inversion,247646.0,-5655.0
Scramble,247646.0,-5655.0
Inversion,296965.0,-54974.0
Scramble,289325.0,-47334.0
Inversion,247646.0,-5655.0
Scramble,253151.0,-11160.0
Inversion,247646.0,-5655.0
Scramble,283135.0,-41144.0
Swap,280699.0,-38708.0
Inversion,283135.0,-41144.0
Inversion,280699.0,-38708.0
Scramble,286240.0,-44249.0
Inversion,283135.0,-41144.0
Inversion,283135.0,-41144.0
Inversion,247646.0,-5655.0
Swap,250371.0,-8380.0
Scramble,283854.0,-41863.0
Scramble,283453.0,-41462.0
Swap,247646.0,-5655.0
Scramble,274505.0,-32514.0
Inversion,247646.0,-5655.0
Scramble,270578.0,-28587.0
Inversion,283453.0,-41462.0
Inversion,247646.0,-5655.0
Swap,247646.0,-5655.0
Swap,253151.0,-11160.0
Inversion,247646.0,-5655.0
Inversion,247646.0,-5655.0
Scramble,294079.0,-52088.0
Inversion,247646.0,-5655.0
Inversion,294079.0,-52088.0
Inversion,247646.0,-5655.0
Swap,270070.0,-28079.0
Swap,297596.0,-55605.0
Inversion,247646.0,-5655.0
Scramble,291587.0,-49596.0
Inversion,297596.0,-55605.0
Inversion,247646.0,-5655.0
Inversion,247646.0,-5655.0
Inversion,247646.0,-5655.0
Scramble,302005.0,-60014.0
Scramble,254172.0,-12181.0
Inversion,247646.0,-5655.0
Scramble,303260.0,-61269.0
Inversion,247646.0,-5655.0
Inversion,303260.0,-61269.0
Scramble,288495.0,-46504.0
Inversion,247646.0,-5655.0
Swap,250662.0,-8671.0
Scramble,273545.0,-31554.0
Inversion,254172.0,-12181.0
Scramble,253753.0,-11762.0
Inversion,303260.0,-61269.0
Swap,297596.0,-55605.0
Swap,253151.0,-11160.0
Scramble,274280.0,-32289.0
Inversion,297596.0,-55605.0
Swap,263484.0,-21493.0
Swap,259860.0,-17869.0
Swap,250371.0,-8380.0
Inversion,247646.0,-5655.0
Swap,297596.0,-55605.0
Scramble,259165.0,-17174.0
Swap,297596.0,-55605.0
Scramble,284208.0,-42217.0
Swap,285838.0,-43847.0
Inversion,284208.0,-42217.0
Inversion,247646.0,-5655.0
Scramble,299023.0,-57032.0
Scramble,247646.0,-5655.0
Swap,248633.0,-6642.0
Swap,257873.0,-15882.0
Inversion,248633.0,-6642.0
Scramble,285288.0,-43297.0
Scramble,292698.0,-50707.0
Inversion,247646.0,-5655.0
Swap,252088.0,-10097.0
Inversion,252088.0,-10097.0
Swap,251636.0,-9645.0
Scramble,286157.0,-44166.0
Swap,290470.0,-48479.0
Scramble,269104.0,-27113.0
Swap,269104.0,-27113.0
Inversion,247646.0,-5655.0
Inversion,247646.0,-5655.0
Swap,272808.0,-30817.0
Swap,297596.0,-55605.0
Swap,304209.0,-62218.0
Inversion,272808.0,-30817.0
Scramble,250371.0,-8380.0
Scramble,273329.0,-31338.0
Inversion,250371.0,-8380.0
Scramble,282407.0,-40416.0
Scramble,281407.0,-39416.0
Inversion,247646.0,-5655.0
Swap,250371.0,-8380.0
Swap,247646.0,-5655.0
Swap,281963.0,-39972.0
Inversion,281963.0,-39972.0
Scramble,281963.0,-39972.0
Scramble,283967.0,-41976.0
Inversion,247646.0,-5655.0
Inversion,247646.0,-5655.0
Scramble,247646.0,-5655.0
Swap,279679.0,-37688.0
Scramble,263330.0,-21339.0
Scramble,275433.0,-33442.0
Swap,248633.0,-6642.0
Scramble,276504.0,-34513.0
Scramble,264899.0,-22908.0
Scramble,275137.0,-33146.0
Scramble,275137.0,-33146.0
Scramble,275433.0,-33442.0
Swap,283714.0,-41723.0
Scramble,293778.0,-51787.0
Inversion,247646.0,-5655.0
Inversion,247646.0,-5655.0
Swap,282380.0,-40389.0
Scramble,250371.0,-8380.0
Swap,247646.0,-5655.0
Swap,292242.0,-50251.0
Inversion,293778.0,-51787.0
Scramble,292871.0,-50880.0
Inversion,247646.0,-5655.0
Scramble,247646.0,-5655.0
Scramble,295644.0,-53653.0
Inversion,247646.0,-5655.0
Scramble,282669.0,-40678.0
Inversion,247646.0,-5655.0
Swap,283356.0,-41365.0
Scramble,253151.0,-11160.0
Scramble,287387.0,-45396.0
Inversion,247646.0,-5655.0
Scramble,257130.0,-15139.0
Inversion,283356.0,-41365.0
Scramble,273329.0,-31338.0
Inversion,247646.0,-5655.0
Inversion,247646.0,-5655.0
Scramble,273757.0,-31766.0
Scramble,279129.0,-37138.0
Inversion,247646.0,-5655.0
Scramble,293133.0,-51142.0
Scramble,250662.0,-8671.0
Inversion,247646.0,-5655.0
Inversion,247646.0,-5655.0
Scramble,264899.0,-22908.0
Scramble,247646.0,-5655.0
Scramble,247646.0,-5655.0
Swap,248633.0,-6642.0
Swap,267247.0,-25256.0
Inversion,247646.0,-5655.0
Swap,272808.0,-30817.0
Inversion,247646.0,-5655.0
Swap,264899.0,-22908.0
Swap,241370.0,621.0
Swap,267247.0,-25256.0
Inversion,272808.0,-30817.0
Scramble,265055.0,-23064.0
Scramble,311753.0,-70383.0
Inversion,247646.0,-6276.0
Swap,253151.0,-11781.0
Scramble,247646.0,-6276.0
Inversion,247646.0,-6276.0
Inversion,247646.0,-6276.0
Swap,282380.0,-41010.0
Swap,250662.0,-9292.0
Swap,288600.0,-47230.0
Swap,297596.0,-56226.0
Swap,250662.0,-9292.0
Inversion,247646.0,-6276.0
Scramble,308148.0,-66778.0
Inversion,288600.0,-47230.0
Inversion,250662.0,-9292.0
Scramble,282346.0,-40976.0
Scramble,269354.0,-27984.0
Inversion,247646.0,-6276.0
Swap,250662.0,-9292.0
Scramble,269485.0,-28115.0
Inversion,247646.0,-6276.0
Swap,279200.0,-37830.0
Scramble,279200.0,-37830.0
Scramble,257130.0,-15760.0
Scramble,247646.0,-6276.0
Scramble,289308.0,-47938.0
Inversion,247646.0,-6276.0
Scramble,259860.0,-18490.0
Swap,247646.0,-6276.0
Inversion,247646.0,-6276.0
Swap,257873.0,-16503.0
Inversion,247646.0,-6276.0
Swap,248633.0,-7263.0
Inversion,247646.0,-6276.0
Inversion,247646.0,-6276.0
Scramble,247646.0,-6276.0
Inversion,247646.0,-6276.0
Swap,250662.0,-9292.0
Scramble,293880.0,-52510.0
Inversion,247646.0,-6276.0
Swap,267247.0,-25877.0
Swap,253151.0,-11781.0
Inversion,253151.0,-11781.0
Swap,281963.0,-40593.0
Inversion,247646.0,-6276.0
Inversion,247646.0,-6276.0
Scramble,250371.0,-9001.0
Swap,281963.0,-40593.0
Swap,253151.0,-11781.0
Swap,252597.0,-11227.0
Scramble,298669.0,-57299.0
Scramble,285266.0,-43896.0
Scramble,270026.0,-28656.0
Swap,250371.0,-9001.0
Scramble,297059.0,-55689.0
Inversion,247646.0,-6276.0
Scramble,285266.0,-43896.0
Scramble,289949.0,-48579.0
Swap,288600.0,-47230.0
Inversion,250371.0,-9001.0
Swap,257873.0,-16503.0
Swap,297596.0,-56226.0
Inversion,247646.0,-6276.0
Swap,241370.0,0.0
Inversion,247646.0,-6276.0
Swap,285838.0,-44468.0
Inversion,247646.0,-6276.0
Inversion,247646.0,-6276.0
Swap,245968.0,-4598.0
Swap,282797.0,-41427.0
Swap,247646.0,-6276.0
Swap,241370.0,0.0
Inversion,245968.0,-4598.0
Scramble,272487.0,-31117.0
Scramble,241370.0,0.0
Scramble,282176.0,-40806.0
Scramble,311753.0,-70383.0
Inversion,247646.0,-6276.0
Swap,266759.0,-25389.0
Swap,248629.0,-7259.0
Swap,297596.0,-56226.0
Inversion,311753.0,-70383.0
Scramble,247646.0,-6276.0
Scramble,272808.0,-31438.0
Inversion,247646.0,-6276.0
Inversion,247646.0,-6276.0
Swap,272808.0,-31438.0
Inversion,272808.0,-31438.0
Scramble,272808.0,-31438.0
Scramble,283032.0,-41662.0
Swap,264899.0,-23529.0
Swap,264899.0,-23529.0
Swap,257873.0,-16503.0
Swap,289963.0,-48593.0
Inversion,247646.0,-6276.0
Scramble,272808.0,-31438.0
Swap,267247.0,-25877.0
Inversion,247646.0,-6276.0
Swap,274818.0,-33448.0
Scramble,278242.0,-36872.0
Swap,297596.0,-56226.0
Inversion,274818.0,-33448.0
Inversion,297596.0,-56226.0
Swap,297596.0,-56226.0
Swap,247646.0,-6276.0
Scramble,267247.0,-25877.0
Swap,267247.0,-25877.0
Inversion,247646.0,-6276.0
Scramble,262014.0,-20644.0
Inversion,247646.0,-6276.0
Inversion,247646.0,-6276.0
Swap,247646.0,-6276.0
Swap,297596.0,-56226.0
Swap,247646.0,-6276.0
Scramble,294685.0,-53315.0
Scramble,297596.0,-56226.0
Inversion,247646.0,-6276.0
Swap,252088.0,-10718.0
Inversion,247646.0,-6276.0
Swap,247646.0,-6276.0
Scramble,272808.0,-31438.0
Inversion,247646.0,-6276.0
Scramble,272808.0,-31438.0
Swap,297596.0,-56226.0
Scramble,293778.0,-52408.0
Inversion,272808.0,-31438.0
Inversion,247646.0,-6276.0
Swap,272188.0,-30818.0
Scramble,282181.0,-40811.0
Scramble,257130.0,-15760.0
Swap,267247.0,-25877.0
Inversion,282181.0,-40811.0
Swap,274889.0,-33519.0
Swap,288248.0,-46878.0
Scramble,277992.0,-36622.0
Scramble,282513.0,-41143.0
Inversion,247646.0,-6276.0
Scramble,247468.0,-7684.0
Swap,250371.0,-10587.0
Swap,257130.0,-17346.0
Scramble,266870.0,-27086.0
Inversion,247646.0,-7862.0
Swap,247646.0,-7862.0
Scramble,274280.0,-34496.0
Inversion,247646.0,-7862.0
Inversion,266870.0,-27086.0
Swap,267247.0,-27463.0
Scramble,281599.0,-41815.0
Scramble,283967.0,-44183.0
Swap,297593.0,-57809.0
Inversion,245500.0,-5716.0
Inversion,245500.0,-5716.0
Swap,257130.0,-17346.0
Swap,251400.0,-11616.0
Inversion,251400.0,-11616.0
Inversion,245500.0,-5716.0
Scramble,267600.0,-27816.0
Swap,266710.0,-26926.0
Inversion,247468.0,-7684.0
Swap,281002.0,-41218.0
Inversion,245500.0,-5716.0
Scramble,285988.0,-46204.0
Swap,291137.0,-51353.0
Inversion,285988.0,-46204.0
Inversion,245500.0,-5716.0
Inversion,242589.0,-2805.0
Scramble,245500.0,-5716.0
Scramble,245500.0,-5716.0
Inversion,245500.0,-5716.0
Inversion,245500.0,-5716.0
Swap,278013.0,-38229.0
Swap,256492.0,-16708.0
Inversion,245500.0,-5716.0
Swap,247492.0,-7708.0
Scramble,271282.0,-31498.0
Swap,291751.0,-51967.0
Inversion,245500.0,-5716.0
Scramble,245500.0,-5716.0
Scramble,290498.0,-50714.0
Scramble,238834.0,950.0
Scramble,288196.0,-49362.0
Swap,275741.0,-36907.0
Inversion,242589.0,-3755.0
Scramble,286416.0,-47582.0
Swap,243527.0,-4693.0
Inversion,242589.0,-3755.0
Swap,290498.0,-51664.0
Scramble,265111.0,-26277.0
Inversion,242589.0,-3755.0
Scramble,251713.0,-12879.0
Inversion,242589.0,-3755.0
Inversion,242589.0,-3755.0
Scramble,248094.0,-9260.0
Swap,243741.0,-4907.0
Scramble,257913.0,-19079.0
Scramble,245500.0,-6666.0
Swap,265111.0,-26277.0
Swap,261988.0,-23154.0
Swap,266870.0,-28036.0
Scramble,245500.0,-6666.0
Swap,245459.0,-6625.0
Scramble,294478.0,-55644.0
Swap,245500.0,-6666.0
Inversion,294478.0,-55644.0
Swap,275741.0,-36907.0
Inversion,242589.0,-3755.0
Inversion,242589.0,-3755.0
Inversion,242589.0,-3755.0
Swap,289381.0,-50547.0
Inversion,242589.0,-3755.0
Inversion,242589.0,-3755.0
Scramble,243741.0,-4907.0
Inversion,289381.0,-50547.0
Scramble,269677.0,-30843.0
Scramble,300713.0,-61879.0
Inversion,243741.0,-4907.0
Swap,302233.0,-63399.0
Swap,285342.0,-46508.0
Swap,245500.0,-6666.0
Swap,265111.0,-26277.0
Inversion,242589.0,-3755.0
Swap,254624.0,-15790.0
Scramble,284861.0,-46027.0
Swap,292650.0,-53816.0
Scramble,256492.0,-17658.0
Scramble,279636.0,-40802.0
Inversion,242589.0,-3755.0
Swap,254483.0,-15649.0
Inversion,242589.0,-3755.0
Inversion,254483.0,-15649.0
Scramble,254802.0,-15968.0
Inversion,242589.0,-3755.0
Swap,290946.0,-52112.0
Swap,265111.0,-26277.0
Scramble,242589.0,-3755.0
Scramble,284150.0,-45316.0
Swap,251541.0,-12707.0
Inversion,242589.0,-3755.0
Scramble,248094.0,-9260.0
Swap,301108.0,-62274.0
Inversion,265111.0,-26277.0
Inversion,242589.0,-3755.0
Scramble,242589.0,-3755.0
Swap,243741.0,-4907.0
Swap,267346.0,-28512.0
Inversion,242589.0,-3755.0
Swap,254483.0,-15649.0
Scramble,250376.0,-11542.0
Scramble,242589.0,-3755.0
Swap,290946.0,-52112.0
Swap,302233.0,-63399.0
Scramble,318426.0,-79592.0
Inversion,242589.0,-3755.0
Inversion,242589.0,-3755.0
Swap,246724.0,-7890.0
Inversion,242589.0,-3755.0
Scramble,269589.0,-30755.0
Inversion,269589.0,-30755.0
Swap,267346.0,-28512.0
Scramble,282025.0,-43191.0
Scramble,246724.0,-7890.0
Swap,290498.0,-51664.0
Scramble,264057.0,-25223.0
Inversion,290498.0,-51664.0
Swap,251541.0,-12707.0
Scramble,272126.0,-33292.0
Inversion,242589.0,-3755.0
Scramble,242589.0,-3755.0
Scramble,300221.0,-61387.0
Swap,243741.0,-4907.0
Swap,242589.0,-3755.0
Inversion,251541.0,-12707.0
Scramble,245459.0,-6625.0
Inversion,300221.0,-61387.0
Swap,289369.0,-50535.0
Swap,246724.0,-7890.0
Scramble,290430.0,-51596.0
Inversion,242589.0,-3755.0
Inversion,242589.0,-3755.0
Swap,242589.0,-3755.0
Inversion,242589.0,-3755.0
Inversion,245459.0,-6625.0
Swap,279316.0,-40482.0
Swap,242589.0,-3755.0
Scramble,245459.0,-6625.0
Swap,290430.0,-51596.0
Swap,285342.0,-46508.0
Scramble,273051.0,-34217.0
Inversion,273051.0,-34217.0
Inversion,242589.0,-3755.0
Inversion,273051.0,-34217.0
Scramble,308020.0,-69186.0
Scramble,240067.0,-1233.0
Swap,254023.0,-15189.0
Scramble,266799.0,-27965.0
Inversion,242589.0,-3755.0
Inversion,242589.0,-3755.0
Inversion,242589.0,-3755.0
Scramble,266799.0,-27965.0
Scramble,291751.0,-52917.0
Scramble,265096.0,-26262.0
Scramble,242589.0,-3755.0
Swap,245459.0,-6625.0
Scramble,270664.0,-31830.0
Scramble,271737.0,-32903.0
Scramble,242589.0,-3755.0
Swap,262499.0,-23665.0
Inversion,242589.0,-3755.0
Inversion,242589.0,-3755.0
Scramble,306297.0,-67463.0
Scramble,247981.0,-9147.0
Swap,242589.0,-3755.0
Scramble,275179.0,-36345.0
Scramble,271108.0,-32274.0
Inversion,242589.0,-3755.0
Swap,254483.0,-15649.0
Scramble,263096.0,-24262.0
Scramble,268065.0,-29231.0
Scramble,298505.0,-59671.0
Scramble,263096.0,-24262.0
Scramble,265111.0,-26277.0
Swap,275741.0,-36907.0
Swap,245459.0,-6625.0
Inversion,245459.0,-6625.0
Inversion,242589.0,-3755.0
Swap,285092.0,-46258.0
Scramble,271586.0,-32752.0
Scramble,278690.0,-39856.0
Scramble,291751.0,-52917.0
Swap,279108.0,-40274.0
Inversion,278690.0,-39856.0
Inversion,242589.0,-3755.0
Swap,245459.0,-6625.0
Swap,285342.0,-46508.0
Swap,262499.0,-23665.0
Inversion,278690.0,-39856.0
Inversion,242589.0,-3755.0
Inversion,242589.0,-3755.0
Scramble,286376.0,-47542.0
Inversion,286376.0,-47542.0
Inversion,242589.0,-3755.0
Inversion,242589.0,-3755.0
Swap,242589.0,-3755.0
Scramble,283664.0,-44830.0
Inversion,242589.0,-3755.0
Scramble,280043.0,-41209.0
Inversion,242589.0,-3755.0
Swap,265111.0,-26277.0
Scramble,261988.0,-23154.0
Swap,242589.0,-3755.0
Swap,298737.0,-59903.0
Inversion,242589.0,-3755.0
Inversion,242589.0,-3755.0
Swap,285342.0,-46508.0
Scramble,258598.0,-19764.0
Scramble,285121.0,-46287.0
Inversion,242589.0,-3755.0
Inversion,242589.0,-3755.0
Swap,302233.0,-63399.0
Scramble,240067.0,-1233.0
Scramble,282176.0,-43342.0
Scramble,276768.0,-37934.0
Scramble,245552.0,-6718.0
Scramble,282459.0,-43625.0
Scramble,242589.0,-3755.0
Scramble,240067.0,-1233.0
Inversion,242589.0,-3755.0
Inversion,282459.0,-43625.0
Scramble,268179.0,-29345.0
Swap,268541.0,-29707.0
Swap,265674.0,-26840.0
Swap,257781.0,-18947.0
Swap,286513.0,-47679.0
Scramble,297283.0,-58449.0
Inversion,242589.0,-3755.0
Swap,257781.0,-18947.0
Inversion,297283.0,-58449.0
Inversion,242589.0,-3755.0
Swap,273468.0,-34634.0
Inversion,242589.0,-3755.0
Swap,300710.0,-61876.0
Scramble,277527.0,-38693.0
Swap,269407.0,-30573.0
Scramble,283627.0,-44793.0
Scramble,242589.0,-3755.0
Scramble,297110.0,-58276.0
Scramble,263971.0,-25137.0
Inversion,263971.0,-25137.0
Swap,254432.0,-15598.0
Inversion,240067.0,-1233.0
Scramble,265111.0,-26277.0
Scramble,253692.0,-14858.0
Scramble,276591.0,-37757.0
Inversion,240067.0,-1233.0
Inversion,254432.0,-15598.0
Inversion,242589.0,-3755.0
Swap,268541.0,-29707.0
Inversion,242589.0,-3755.0
Inversion,242589.0,-3755.0
Scramble,284447.0,-45613.0
Swap,245500.0,-6666.0
Scramble,282176.0,-43342.0
Scramble,240067.0,-1233.0
Inversion,254432.0,-15598.0
Swap,269457.0,-30623.0
Scramble,254432.0,-15598.0
Inversion,282176.0,-43342.0
Inversion,240067.0,-1233.0
Inversion,269457.0,-30623.0
Swap,248094.0,-9260.0
Scramble,281718.0,-42884.0
Inversion,240067.0,-1233.0
Scramble,292273.0,-53439.0
Swap,274768.0,-35934.0
Swap,291751.0,-52917.0
Swap,249743.0,-10909.0
Scramble,242589.0,-3755.0
Swap,261988.0,-23154.0
Inversion,240067.0,-1233.0
Swap,242937.0,-4103.0
Inversion,274768.0,-35934.0
Scramble,284473.0,-45639.0
Scramble,280415.0,-41581.0
Inversion,284473.0,-45639.0
Swap,255604.0,-16770.0
Inversion,253406.0,-14572.0
Swap,270162.0,-31328.0
Swap,274613.0,-35779.0
Swap,249115.0,-10281.0
Scramble,286328.0,-47494.0
Swap,296652.0,-57818.0
Swap,258891.0,-20057.0
Inversion,242937.0,-4103.0
Inversion,240067.0,-1233.0
Inversion,249743.0,-10909.0
Scramble,286545.0,-47711.0
Inversion,240067.0,-1233.0
Scramble,240067.0,-1233.0
Swap,268012.0,-29178.0
Inversion,249743.0,-10909.0
Inversion,240067.0,-1233.0
Scramble,272536.0,-33702.0
Inversion,240067.0,-1233.0
Swap,253423.0,-14589.0
Inversion,253423.0,-14589.0
Scramble,244915.0,-6081.0
Inversion,240067.0,-1233.0
Inversion,246139.0,-7305.0
Scramble,244166.0,-5332.0
Scramble,259090.0,-20256.0
Inversion,242569.0,-3735.0
Inversion,240067.0,-1233.0
Scramble,272536.0,-33702.0
Inversion,240067.0,-1233.0
Scramble,242937.0,-4103.0
Swap,247468.0,-8634.0
Inversion,240067.0,-1233.0
Inversion,240067.0,-1233.0
Inversion,240067.0,-1233.0
Swap,244244.0,-5410.0
Inversion,240067.0,-1233.0
Inversion,244244.0,-5410.0
Swap,247468.0,-8634.0
Scramble,278537.0,-39703.0
Inversion,278537.0,-39703.0
Scramble,263550.0,-24716.0
Inversion,240067.0,-1233.0
Scramble,292867.0,-54033.0
Scramble,242589.0,-3755.0
Inversion,240067.0,-1233.0
Swap,265674.0,-26840.0
Scramble,240067.0,-1233.0
Inversion,240067.0,-1233.0
Scramble,267289.0,-28455.0
Swap,240067.0,-1233.0
Inversion,240067.0,-1233.0
Scramble,274613.0,-35779.0
Swap,240067.0,-1233.0
Swap,245459.0,-6625.0
Inversion,240067.0,-1233.0
Scramble,280852.0,-42018.0
Swap,247468.0,-8634.0
Inversion,247468.0,-8634.0
Swap,254469.0,-15635.0
Inversion,240067.0,-1233.0
Swap,281718.0,-42884.0
Scramble,272126.0,-33292.0
Swap,253423.0,-14589.0
Inversion,240067.0,-1233.0
Scramble,311409.0,-72575.0
Scramble,280166.0,-41332.0
Swap,242937.0,-4103.0
Scramble,245552.0,-6718.0
Inversion,280166.0,-41332.0
Inversion,245552.0,-6718.0
Inversion,280166.0,-41332.0
Swap,244880.0,-6046.0
Swap,246252.0,-7418.0
Swap,268627.0,-29793.0
Scramble,254469.0,-15635.0
Inversion,254469.0,-15635.0
Inversion,240067.0,-1233.0
Inversion,236432.0,2402.0
Scramble,294742.0,-55908.0
Inversion,294742.0,-55908.0
Inversion,240067.0,-1233.0
Swap,240105.0,-1271.0
Inversion,240067.0,-1233.0
Scramble,280228.0,-41394.0
Swap,284976.0,-46142.0
Inversion,240067.0,-3635.0
Swap,268627.0,-32195.0
Swap,300061.0,-63629.0
Inversion,300061.0,-63629.0
Scramble,279863.0,-43431.0
Swap,247468.0,-11036.0
Swap,246252.0,-9820.0
Scramble,263707.0,-27275.0
Swap,245375.0,-8943.0
Inversion,247468.0,-11036.0
Scramble,270286.0,-33854.0
Inversion,240067.0,-3635.0
Scramble,309354.0,-72922.0
Inversion,268627.0,-32195.0
Swap,265674.0,-29242.0
Inversion,265674.0,-29242.0
Scramble,245552.0,-9120.0
Inversion,240067.0,-3635.0
Inversion,236432.0,0.0
Inversion,245552.0,-9120.0
Swap,262281.0,-25849.0
Swap,244166.0,-7734.0
Inversion,244166.0,-7734.0
Inversion,236432.0,0.0
Swap,276333.0,-39901.0
Swap,244987.0,-8555.0
Swap,260957.0,-24525.0
Scramble,234292.0,2140.0
Inversion,240067.0,-3635.0
Scramble,236432.0,-2140.0
Scramble,294503.0,-60211.0
Scramble,244987.0,-10695.0
Scramble,273493.0,-39201.0
Inversion,236432.0,-2140.0
Swap,253145.0,-18853.0
Inversion,253145.0,-18853.0
Swap,277057.0,-42765.0
Swap,254332.0,-20040.0
Inversion,236432.0,-2140.0
Swap,253145.0,-18853.0
Inversion,236432.0,-2140.0
Scramble,252655.0,-18363.0
Scramble,290327.0,-56035.0
Inversion,236432.0,-2140.0
Swap,236432.0,-2140.0
Swap,236432.0,-2140.0
Swap,244880.0,-10588.0
Swap,260957.0,-26665.0
Swap,260957.0,-26665.0
Scramble,279925.0,-45633.0
Swap,240257.0,-5965.0
Scramble,285035.0,-50743.0
Inversion,279925.0,-45633.0
Swap,282298.0,-48006.0
Swap,246252.0,-11960.0
Swap,253145.0,-18853.0
Inversion,236432.0,-2140.0
Swap,263309.0,-29017.0
Scramble,282387.0,-48095.0
Swap,266185.0,-31893.0
Swap,236432.0,-2140.0
Inversion,236432.0,-2140.0
Scramble,236432.0,-2140.0
Swap,244880.0,-10588.0
Inversion,244880.0,-10588.0
Scramble,266185.0,-31893.0
Swap,291676.0,-57384.0
Scramble,252655.0,-18363.0
Scramble,289895.0,-55603.0
Inversion,236432.0,-2140.0
Inversion,289895.0,-55603.0
Swap,236432.0,-2140.0
Inversion,236432.0,-2140.0
Swap,291706.0,-57414.0
Scramble,288519.0,-54227.0
Swap,263309.0,-29017.0
Swap,303257.0,-68965.0
Scramble,292061.0,-57769.0
Swap,244166.0,-9874.0
Inversion,292061.0,-57769.0
Inversion,236432.0,-2140.0
Inversion,236432.0,-2140.0
Inversion,236432.0,-2140.0
Swap,236432.0,-2140.0
Inversion,236432.0,-2140.0
Swap,283963.0,-49671.0
Inversion,283963.0,-49671.0
Swap,291706.0,-57414.0
Swap,258805.0,-24513.0
Swap,277148.0,-42856.0
Inversion,236432.0,-2140.0
Scramble,236432.0,-2140.0
Inversion,236432.0,-2140.0
Scramble,281729.0,-47437.0
Inversion,236432.0,-2140.0
Scramble,301295.0,-67003.0
Swap,236432.0,-2140.0
Inversion,236432.0,-2140.0
Swap,245375.0,-11083.0
Scramble,252053.0,-17761.0
Scramble,268627.0,-34335.0
Swap,279925.0,-45633.0
Inversion,279925.0,-45633.0
Swap,246593.0,-12301.0
Swap,260957.0,-26665.0
Swap,283963.0,-49671.0
Scramble,253211.0,-18919.0
Swap,283963.0,-49671.0
Inversion,253211.0,-18919.0
Scramble,260280.0,-25988.0
Swap,272661.0,-38369.0
Swap,276333.0,-42041.0
Inversion,236432.0,-2140.0
Scramble,253145.0,-18853.0
Swap,244880.0,-10588.0
Swap,293444.0,-59152.0
Swap,249115.0,-14823.0
Scramble,288098.0,-53806.0
Swap,296701.0,-62409.0
Inversion,296701.0,-62409.0
Scramble,275638.0,-41346.0
Scramble,273686.0,-39394.0
Inversion,236432.0,-2140.0
Inversion,236432.0,-2140.0
Swap,272661.0,-38369.0
Scramble,266185.0,-31893.0
Scramble,244987.0,-10695.0
Swap,244166.0,-9874.0
Inversion,236432.0,-2140.0
Inversion,236432.0,-2140.0
Swap,297004.0,-62712.0
Scramble,249115.0,-14823.0
Swap,272661.0,-38369.0
Scramble,288519.0,-54227.0
Inversion,236432.0,-2140.0
Swap,277057.0,-42765.0
Inversion,236432.0,-2140.0
Scramble,292340.0,-58048.0
Scramble,260957.0,-26665.0
Swap,291706.0,-57414.0
Inversion,291706.0,-57414.0
Scramble,240257.0,-5965.0
Swap,244880.0,-10588.0
Swap,250622.0,-16330.0
Swap,244166.0,-9874.0
Inversion,236432.0,-2140.0
Swap,299955.0,-65663.0
Swap,260957.0,-26665.0
Scramble,268232.0,-33940.0
